{
  "lang":"ru",
  "name":"pipeline",
  "version":"0.0.0",
  "spacy_version":">=3.0.6,<3.1.0",
  "description":"",
  "author":"",
  "email":"",
  "url":"",
  "license":"",
  "spacy_git_version":"df3444421",
  "vectors":{
    "width":0,
    "vectors":0,
    "keys":0,
    "name":null
  },
  "labels":{
    "tok2vec":[

    ],
    "ner":[
      "",
      "0BJ",
      "0RG",
      "ACTUAL",
      "ADV",
      "ANNOUNCE",
      "APP",
      "AUD",
      "COND",
      "CONF",
      "DANGER",
      "DANTER",
      "DEVICE",
      "DEVOCE",
      "EFFORT",
      "EMO",
      "FRAME",
      "GAME",
      "LANG",
      "LIB",
      "LOC",
      "MATH",
      "NEWS",
      "NUM",
      "OBJ",
      "OC",
      "ORG",
      "OS",
      "PART",
      "PER",
      "PROGRAM",
      "PUNCT",
      "R=TECH",
      "RECH",
      "RPOGRAM",
      "SITE",
      "STRUCT",
      "TECH",
      "TODO",
      "TOOD",
      "TYPE",
      "VERSION"
    ]
  },
  "pipeline":[
    "tok2vec",
    "ner"
  ],
  "components":[
    "tok2vec",
    "ner"
  ],
  "disabled":[

  ],
  "performance":{
    "ents_per_type":{
      "TODO":{
        "p":0.2543859649,
        "r":0.2301587302,
        "f":0.2416666667
      },
      "PROGRAM":{
        "p":0.4731182796,
        "r":0.328358209,
        "f":0.3876651982
      },
      "OS":{
        "p":0.6363636364,
        "r":0.7291666667,
        "f":0.6796116505
      },
      "NUM":{
        "p":0.5529411765,
        "r":0.5731707317,
        "f":0.5628742515
      },
      "AUD":{
        "p":0.3455882353,
        "r":0.2361809045,
        "f":0.2805970149
      },
      "OBJ":{
        "p":0.2091503268,
        "r":0.1865889213,
        "f":0.1972265023
      },
      "ACTUAL":{
        "p":0.5,
        "r":0.4444444444,
        "f":0.4705882353
      },
      "PUNCT":{
        "p":0.9822064057,
        "r":0.9804618117,
        "f":0.9813333333
      },
      "TYPE":{
        "p":0.3681506849,
        "r":0.3952205882,
        "f":0.3812056738
      },
      "APP":{
        "p":0.7142857143,
        "r":0.25,
        "f":0.3703703704
      },
      "ADV":{
        "p":0.1666666667,
        "r":0.1851851852,
        "f":0.1754385965
      },
      "TECH":{
        "p":0.2474747475,
        "r":0.2437810945,
        "f":0.2456140351
      },
      "ORG":{
        "p":0.3272727273,
        "r":0.3364485981,
        "f":0.331797235
      },
      "DANGER":{
        "p":0.2857142857,
        "r":0.1449275362,
        "f":0.1923076923
      },
      "LIB":{
        "p":0.3333333333,
        "r":0.2105263158,
        "f":0.2580645161
      },
      "ANNOUNCE":{
        "p":0.0769230769,
        "r":0.1,
        "f":0.0869565217
      },
      "PART":{
        "p":0.8958333333,
        "r":0.8269230769,
        "f":0.86
      },
      "LANG":{
        "p":0.6263736264,
        "r":0.4488188976,
        "f":0.5229357798
      },
      "DEVICE":{
        "p":0.3373493976,
        "r":0.2978723404,
        "f":0.3163841808
      },
      "COND":{
        "p":0.6,
        "r":0.2,
        "f":0.3
      },
      "SITE":{
        "p":0.2580645161,
        "r":0.2222222222,
        "f":0.2388059701
      },
      "EMO":{
        "p":0.2777777778,
        "r":0.1315789474,
        "f":0.1785714286
      },
      "STRUCT":{
        "p":0.0,
        "r":0.0,
        "f":0.0
      },
      "-":{
        "p":0.0,
        "r":0.0,
        "f":0.0
      },
      "COUND":{
        "p":0.0,
        "r":0.0,
        "f":0.0
      },
      "EFFORT":{
        "p":0.5454545455,
        "r":0.4,
        "f":0.4615384615
      },
      "GAME":{
        "p":0.2,
        "r":0.0714285714,
        "f":0.1052631579
      },
      "FRAME":{
        "p":0.6,
        "r":0.4285714286,
        "f":0.5
      },
      "PER":{
        "p":0.3333333333,
        "r":0.1290322581,
        "f":0.1860465116
      },
      "VERSION":{
        "p":0.5909090909,
        "r":0.52,
        "f":0.5531914894
      },
      "NEWS":{
        "p":0.3333333333,
        "r":0.0909090909,
        "f":0.1428571429
      },
      "MATH":{
        "p":0.125,
        "r":0.0526315789,
        "f":0.0740740741
      },
      "LOC":{
        "p":0.4,
        "r":0.1,
        "f":0.16
      },
      "CONF":{
        "p":0.0,
        "r":0.0,
        "f":0.0
      },
      "NUMB":{
        "p":0.0,
        "r":0.0,
        "f":0.0
      },
      "T0DO":{
        "p":0.0,
        "r":0.0,
        "f":0.0
      },
      "-PROGRAM":{
        "p":0.0,
        "r":0.0,
        "f":0.0
      },
      "TOBJ":{
        "p":0.0,
        "r":0.0,
        "f":0.0
      }
    },
    "ents_f":0.4362395284,
    "ents_p":0.4612860892,
    "ents_r":0.4137728075,
    "tok2vec_loss":569.8411552173,
    "ner_loss":793.7017672728
  }
}