iter	RMSE
0	0.1076158356
1	0.1065347154
2	0.1077621188
3	0.106436475
4	0.1076549925
5	0.1063855371
6	0.1076372834
7	0.1065036168
8	0.1076729814
9	0.1065598798
10	0.1070033569
11	0.1054563058
12	0.1069529268
13	0.1055388276
14	0.1071193306
15	0.1055343306
16	0.107241759
17	0.1055033917
18	0.1071043638
19	0.1055874447
