{
  "lang":"ru",
  "name":"pipeline",
  "version":"0.0.0",
  "spacy_version":">=3.0.6,<3.1.0",
  "description":"",
  "author":"",
  "email":"",
  "url":"",
  "license":"",
  "spacy_git_version":"df3444421",
  "vectors":{
    "width":0,
    "vectors":0,
    "keys":0,
    "name":null
  },
  "labels":{
    "tok2vec":[

    ],
    "ner":[
      "",
      "ACTUAL",
      "ADV",
      "ANNOUNCE",
      "APP",
      "AUD",
      "COND",
      "CONF",
      "DANER",
      "DANGER",
      "DANTER",
      "DEVICE",
      "EFFORT",
      "EMO",
      "FRAME",
      "GAME",
      "LANG",
      "LIB",
      "LOC",
      "MATH",
      "NEWS",
      "NUM",
      "OBJ",
      "ORG",
      "OS",
      "PART",
      "PER",
      "PROGRAM",
      "PUNCT",
      "PUNCTUber",
      "PUNCT\u0440\u043e\u043d\u044f\u0442\u044c",
      "SITE",
      "STRUCT",
      "TECH",
      "TODO",
      "TYPE",
      "VERSION"
    ]
  },
  "pipeline":[
    "tok2vec",
    "ner"
  ],
  "components":[
    "tok2vec",
    "ner"
  ],
  "disabled":[

  ],
  "performance":{
    "ents_per_type":{
      "SITE":{
        "p":0.9705882353,
        "r":0.9428571429,
        "f":0.9565217391
      },
      "DANGER":{
        "p":0.9191176471,
        "r":0.8169934641,
        "f":0.8650519031
      },
      "OBJ":{
        "p":0.9132231405,
        "r":0.9404255319,
        "f":0.9266247379
      },
      "LANG":{
        "p":1.0,
        "r":0.9962264151,
        "f":0.9981096408
      },
      "LIB":{
        "p":1.0,
        "r":0.9523809524,
        "f":0.9756097561
      },
      "TYPE":{
        "p":0.8824701195,
        "r":0.940552017,
        "f":0.9105858171
      },
      "PROGRAM":{
        "p":0.975308642,
        "r":0.975308642,
        "f":0.975308642
      },
      "PUNCT":{
        "p":1.0,
        "r":1.0,
        "f":1.0
      },
      "VERSION":{
        "p":0.9722222222,
        "r":0.9459459459,
        "f":0.9589041096
      },
      "ANNOUNCE":{
        "p":0.8846153846,
        "r":0.8518518519,
        "f":0.8679245283
      },
      "AUD":{
        "p":0.9677419355,
        "r":0.9868421053,
        "f":0.9771986971
      },
      "ADV":{
        "p":0.9225806452,
        "r":0.8265895954,
        "f":0.8719512195
      },
      "NEWS":{
        "p":0.8181818182,
        "r":0.8181818182,
        "f":0.8181818182
      },
      "TECH":{
        "p":0.9213973799,
        "r":0.9377777778,
        "f":0.9295154185
      },
      "ORG":{
        "p":0.9861591696,
        "r":0.9895833333,
        "f":0.9878682842
      },
      "EMO":{
        "p":0.8709677419,
        "r":0.8181818182,
        "f":0.84375
      },
      "MATH":{
        "p":0.84,
        "r":0.875,
        "f":0.8571428571
      },
      "DEVICE":{
        "p":0.9705882353,
        "r":0.9850746269,
        "f":0.9777777778
      },
      "TODO":{
        "p":0.95,
        "r":0.9268292683,
        "f":0.9382716049
      },
      "PART":{
        "p":0.9682539683,
        "r":0.9838709677,
        "f":0.976
      },
      "PER":{
        "p":0.8571428571,
        "r":0.8936170213,
        "f":0.875
      },
      "OS":{
        "p":1.0,
        "r":0.984375,
        "f":0.9921259843
      },
      "NUM":{
        "p":0.9459459459,
        "r":0.9722222222,
        "f":0.9589041096
      },
      "-":{
        "p":0.8481012658,
        "r":0.9710144928,
        "f":0.9054054054
      },
      "COND":{
        "p":0.9375,
        "r":0.9375,
        "f":0.9375
      },
      "LOC":{
        "p":0.9787234043,
        "r":0.9787234043,
        "f":0.9787234043
      },
      "PUNCT\u0440\u043e\u043d\u044f\u0442\u044c":{
        "p":0.5,
        "r":1.0,
        "f":0.6666666667
      },
      "EFFORT":{
        "p":1.0,
        "r":0.8823529412,
        "f":0.9375
      },
      "CONF":{
        "p":0.9047619048,
        "r":0.8636363636,
        "f":0.8837209302
      },
      "PUNCTUber":{
        "p":0.0,
        "r":0.0,
        "f":0.0
      },
      "FRAME":{
        "p":1.0,
        "r":0.8571428571,
        "f":0.9230769231
      },
      "ACTUAL":{
        "p":1.0,
        "r":1.0,
        "f":1.0
      },
      "GAME":{
        "p":0.8823529412,
        "r":0.8333333333,
        "f":0.8571428571
      },
      "APP":{
        "p":1.0,
        "r":0.9285714286,
        "f":0.962962963
      },
      "STRUCT":{
        "p":0.5714285714,
        "r":0.8,
        "f":0.6666666667
      },
      "DANER":{
        "p":0.0,
        "r":0.0,
        "f":0.0
      },
      "DANTER":{
        "p":1.0,
        "r":1.0,
        "f":1.0
      }
    },
    "ents_f":0.9487613805,
    "ents_p":0.9481591198,
    "ents_r":0.9493644068,
    "tok2vec_loss":611.1991116793,
    "ner_loss":5568.3863981015
  }
}