{
  "lang":"ru",
  "name":"pipeline",
  "version":"0.0.0",
  "spacy_version":">=3.0.6,<3.1.0",
  "description":"",
  "author":"",
  "email":"",
  "url":"",
  "license":"",
  "spacy_git_version":"df3444421",
  "vectors":{
    "width":0,
    "vectors":0,
    "keys":0,
    "name":null
  },
  "labels":{
    "tok2vec":[

    ],
    "ner":[
      "ACTUAL",
      "ADV",
      "ANNOUNCE",
      "APP",
      "AUD",
      "COND",
      "CONF",
      "DANGER",
      "DANTER",
      "DEVICE",
      "EFFORT",
      "EMO",
      "FRAME",
      "GAME",
      "LANG",
      "LIB",
      "LOC",
      "MATH",
      "NEWS",
      "NUM",
      "OBJ",
      "OC",
      "ORG",
      "OS",
      "PART",
      "PER",
      "PROGRAM",
      "PUNCT",
      "RPOGRAM",
      "SITE",
      "STRUCT",
      "TECH",
      "TODO",
      "TYPE",
      "VERSION"
    ]
  },
  "pipeline":[
    "tok2vec",
    "ner"
  ],
  "components":[
    "tok2vec",
    "ner"
  ],
  "disabled":[

  ],
  "performance":{
    "ents_per_type":{
      "SITE":{
        "p":0.9900990099,
        "r":1.0,
        "f":0.9950248756
      },
      "DANGER":{
        "p":0.9896694215,
        "r":0.9958419958,
        "f":0.992746114
      },
      "OBJ":{
        "p":0.9919759278,
        "r":0.9919759278,
        "f":0.9919759278
      },
      "LANG":{
        "p":1.0,
        "r":0.9975062344,
        "f":0.9987515605
      },
      "LIB":{
        "p":1.0,
        "r":1.0,
        "f":1.0
      },
      "TYPE":{
        "p":0.9928940568,
        "r":0.9935358759,
        "f":0.9932148627
      },
      "PROGRAM":{
        "p":0.9978070175,
        "r":0.9934497817,
        "f":0.9956236324
      },
      "PUNCT":{
        "p":1.0,
        "r":1.0,
        "f":1.0
      },
      "VERSION":{
        "p":1.0,
        "r":1.0,
        "f":1.0
      },
      "ANNOUNCE":{
        "p":1.0,
        "r":1.0,
        "f":1.0
      },
      "AUD":{
        "p":0.9948805461,
        "r":0.9948805461,
        "f":0.9948805461
      },
      "LOC":{
        "p":1.0,
        "r":1.0,
        "f":1.0
      },
      "ADV":{
        "p":0.9969604863,
        "r":0.9909365559,
        "f":0.9939393939
      },
      "NEWS":{
        "p":1.0,
        "r":1.0,
        "f":1.0
      },
      "TECH":{
        "p":0.9935012185,
        "r":0.9926948052,
        "f":0.9930978482
      },
      "ORG":{
        "p":1.0,
        "r":0.9973262032,
        "f":0.9986613119
      },
      "EMO":{
        "p":0.9921875,
        "r":0.9921875,
        "f":0.9921875
      },
      "MATH":{
        "p":1.0,
        "r":1.0,
        "f":1.0
      },
      "DEVICE":{
        "p":1.0,
        "r":0.9915492958,
        "f":0.9957567185
      },
      "TODO":{
        "p":0.9916897507,
        "r":0.9916897507,
        "f":0.9916897507
      },
      "PART":{
        "p":1.0,
        "r":1.0,
        "f":1.0
      },
      "PER":{
        "p":1.0,
        "r":1.0,
        "f":1.0
      },
      "OS":{
        "p":1.0,
        "r":1.0,
        "f":1.0
      },
      "NUM":{
        "p":1.0,
        "r":1.0,
        "f":1.0
      },
      "COND":{
        "p":1.0,
        "r":1.0,
        "f":1.0
      },
      "FRAME":{
        "p":0.962962963,
        "r":1.0,
        "f":0.9811320755
      },
      "EFFORT":{
        "p":1.0,
        "r":1.0,
        "f":1.0
      },
      "CONF":{
        "p":1.0,
        "r":1.0,
        "f":1.0
      },
      "ACTUAL":{
        "p":1.0,
        "r":1.0,
        "f":1.0
      },
      "GAME":{
        "p":1.0,
        "r":1.0,
        "f":1.0
      },
      "APP":{
        "p":1.0,
        "r":1.0,
        "f":1.0
      },
      "STRUCT":{
        "p":1.0,
        "r":1.0,
        "f":1.0
      },
      "DANTER":{
        "p":1.0,
        "r":1.0,
        "f":1.0
      },
      "RPOGRAM":{
        "p":0.6666666667,
        "r":1.0,
        "f":0.8
      },
      "OC":{
        "p":1.0,
        "r":1.0,
        "f":1.0
      }
    },
    "ents_f":0.9955637888,
    "ents_p":0.99570941,
    "ents_r":0.9954182102,
    "tok2vec_loss":407.791997364,
    "ner_loss":1322.4893547488
  }
}