{
  "lang":"ru",
  "name":"pipeline",
  "version":"0.0.0",
  "spacy_version":">=3.0.6,<3.1.0",
  "description":"",
  "author":"",
  "email":"",
  "url":"",
  "license":"",
  "spacy_git_version":"df3444421",
  "vectors":{
    "width":0,
    "vectors":0,
    "keys":0,
    "name":null
  },
  "labels":{
    "tok2vec":[

    ],
    "ner":[
      "",
      "0BJ",
      "0RG",
      "ACTUAL",
      "ADV",
      "ANNOUNCE",
      "APP",
      "AUD",
      "COND",
      "CONF",
      "DANGER",
      "DANTER",
      "DEVICE",
      "DEVOCE",
      "EFFORT",
      "EMO",
      "FRAME",
      "GAME",
      "LANG",
      "LIB",
      "LOC",
      "MATH",
      "NEWS",
      "NUM",
      "OBJ",
      "OC",
      "ORG",
      "OS",
      "PART",
      "PER",
      "PROGRAM",
      "PUNCT",
      "R=TECH",
      "RECH",
      "RPOGRAM",
      "SITE",
      "STRUCT",
      "TECH",
      "TODO",
      "TOOD",
      "TYPE",
      "VERSION"
    ]
  },
  "pipeline":[
    "tok2vec",
    "ner"
  ],
  "components":[
    "tok2vec",
    "ner"
  ],
  "disabled":[

  ],
  "performance":{
    "ents_per_type":{
      "TODO":{
        "p":0.3025210084,
        "r":0.2857142857,
        "f":0.293877551
      },
      "PROGRAM":{
        "p":0.3703703704,
        "r":0.3731343284,
        "f":0.3717472119
      },
      "OS":{
        "p":0.5849056604,
        "r":0.6458333333,
        "f":0.6138613861
      },
      "NUM":{
        "p":0.652173913,
        "r":0.5487804878,
        "f":0.5960264901
      },
      "TYPE":{
        "p":0.3401253918,
        "r":0.3988970588,
        "f":0.3671742809
      },
      "AUD":{
        "p":0.2962962963,
        "r":0.2814070352,
        "f":0.2886597938
      },
      "LOC":{
        "p":0.25,
        "r":0.1,
        "f":0.1428571429
      },
      "OBJ":{
        "p":0.2153284672,
        "r":0.1720116618,
        "f":0.1912479741
      },
      "ACTUAL":{
        "p":0.4285714286,
        "r":0.5,
        "f":0.4615384615
      },
      "PUNCT":{
        "p":0.9717813051,
        "r":0.9786856128,
        "f":0.9752212389
      },
      "APP":{
        "p":0.4545454545,
        "r":0.25,
        "f":0.3225806452
      },
      "ADV":{
        "p":0.21875,
        "r":0.1944444444,
        "f":0.2058823529
      },
      "TECH":{
        "p":0.290625,
        "r":0.2313432836,
        "f":0.2576177285
      },
      "ORG":{
        "p":0.3936170213,
        "r":0.3457943925,
        "f":0.368159204
      },
      "DANGER":{
        "p":0.2839506173,
        "r":0.1666666667,
        "f":0.2100456621
      },
      "LIB":{
        "p":0.2307692308,
        "r":0.1578947368,
        "f":0.1875
      },
      "ANNOUNCE":{
        "p":0.1428571429,
        "r":0.1,
        "f":0.1176470588
      },
      "PART":{
        "p":0.9111111111,
        "r":0.7884615385,
        "f":0.8453608247
      },
      "LANG":{
        "p":0.5691056911,
        "r":0.5511811024,
        "f":0.56
      },
      "COND":{
        "p":0.3333333333,
        "r":0.2,
        "f":0.25
      },
      "SITE":{
        "p":0.2941176471,
        "r":0.2777777778,
        "f":0.2857142857
      },
      "EMO":{
        "p":0.2777777778,
        "r":0.1315789474,
        "f":0.1785714286
      },
      "STRUCT":{
        "p":0.0,
        "r":0.0,
        "f":0.0
      },
      "DEVICE":{
        "p":0.3918918919,
        "r":0.3085106383,
        "f":0.3452380952
      },
      "COUND":{
        "p":0.0,
        "r":0.0,
        "f":0.0
      },
      "EFFORT":{
        "p":0.5555555556,
        "r":0.3333333333,
        "f":0.4166666667
      },
      "GAME":{
        "p":0.25,
        "r":0.0714285714,
        "f":0.1111111111
      },
      "FRAME":{
        "p":0.6,
        "r":0.4285714286,
        "f":0.5
      },
      "VERSION":{
        "p":0.56,
        "r":0.56,
        "f":0.56
      },
      "MATH":{
        "p":0.1111111111,
        "r":0.0526315789,
        "f":0.0714285714
      },
      "PER":{
        "p":0.3125,
        "r":0.1612903226,
        "f":0.2127659574
      },
      "NEWS":{
        "p":0.5,
        "r":0.1818181818,
        "f":0.2666666667
      },
      "NUMB":{
        "p":0.0,
        "r":0.0,
        "f":0.0
      },
      "CONF":{
        "p":1.0,
        "r":0.2,
        "f":0.3333333333
      },
      "-":{
        "p":0.0,
        "r":0.0,
        "f":0.0
      },
      "T0DO":{
        "p":0.0,
        "r":0.0,
        "f":0.0
      },
      "-PROGRAM":{
        "p":0.0,
        "r":0.0,
        "f":0.0
      },
      "TOBJ":{
        "p":0.0,
        "r":0.0,
        "f":0.0
      }
    },
    "ents_f":0.4422513493,
    "ents_p":0.4645286686,
    "ents_r":0.4220129488,
    "tok2vec_loss":648.9776558261,
    "ner_loss":1294.8345229787
  }
}